Name,Website,Email
Computer Precision,null,null
Discovery Info Systems,discoveryinfosystems.co.uk,null
Stamford Hill Computers,null,null
Archway Computer Centre,null,null
PC Clinic,null,null
Laptop Doctors .com,null,null
null,null,null
Canada Computers,null,null
M R Systems,null,null
Advance Computer Centre,http://www.accldn.biz/,null
SYS Tech,http://kenlar.net,null
Computer Techs,null,null
Smart Talk Telecom & Internet,null,null
Computer Highway,null,null
Honeylight Computers,null,null
DPS Software,null,null
PG Net,null,null
Blu-Gates,https://www.blu-gates.co.uk/,null
Computers Inc,null,null
Computer Hut,null,null
ALG Enterprise,null,null
beadarband,null,null
CCTV PC Laptop Centre,null,null
PC Nest,http://pcnest.co.uk/,null
Eyeconn,null,null
Pacific Internet Cafe,null,null
PC & Parts Ltd,null,null
Express IT Repair Laptop & PC Repair Centre,null,null
Foto Plus,null,null
back online,null,null
Systemist Computers,null,null
BGK Computer Repairs,null,null
Fastech,null,null
STL Neworking & Web Design,null,null
PC hub,https://mypchub.co.uk/,null
iStore,https://www.albion.co.uk/,null
WYBITS,null,null
All About Laptops,null,null
Computer Repair,null,null
Hillside Computer Services,null,null
ODAK Computing & Printing,null,null
Impress Solutions Limited,null,null
Shen Computer Solutions Ltd,null,null
Honeylight Computers Ltd,null,null
Minko's Macs,null,null
Mr Dweeb,http://mrdweeb.co.uk/highgate/,null
SLR Laptop & Mobile Repair,null,null
Logics,null,null
Limitless VR,null,null
ausom1,null,null
Broadway Computer & Mobile Repairs,null,null
Arbico Computers,null,null
Oxagon,https://www.oxagon.co.uk/,null
Smart Talk Telecom & Internet,null,null
Smart Talk Telecom & Internet,null,null
iSmart Apple Specialists,null,null
EasyFix,null,null
Neasden Computers,null,null
IT Partnership,https://www.it-partnership.com/,null
MM Phone Service Ltd,null,null
Razer London,https://www.razer.com/razerstores/london,null
Mac Outpost,null,null
Internet House,null,null
SoftProg,null,null
Computer Service Centre,null,null
Broadway Mobiles & Computers,null,null
Personal Computers,null,null
W9 Computer & Mobiles,null,null
PC Blues,null,null
Comfix Ltd,null,null
Quest Technologies,null,null
PC Rescue Squad,https://pcrescuesquad.co.uk/,null
FSE Computer World,https://fsecomputerworld.co.uk/,null
Zapp,null,null
PC Plus,null,null
null,null,null
Tech Direct,http://www.techdirectuk.com/,null
Techlab+,https://www.techlab.plus,null
Fix My Computer,null,null
Data Recovery Essex,https://www.datarecoveryessex.co.uk/,null
Computer King,null,null
Computer Repair Center,null,null
Satellite,null,null
Cybertech,null,null
Oussi Tech,null,null
Pioneer Information Solutions Ltd.,https://www.pioneeris.co.uk,null
Acton Computers,null,null
Tech Store,null,null
Smart Alpha,null,null
Computer Solutions,null,null
Juno Computers,https://junocomputers.com/uk/,null
Computers & Networks,null,null
Computer Genius,null,null
Classroom365,https://www.classroom365.co.uk/,null
Refax Systems,null,null
The Computer Master,null,null
TechEye World,null,null
iGadget,null,null
PC Solutions,null,null
Computer & Laptop Repairs,null,null
PC Hospital,null,null
Mix Max,null,null
About Tech,null,null
Gulf Technology Ltd.,null,null
Smart Tech Clinic,null,null
No Problem Technologies,https://npit.co.uk/,null
Computer Solutions,null,null
A2A Communications,null,null
Hadley AV,https://www.hadleyav.co.uk/,info@hadleyav.co.uk
Apple Bitcoins,https://applebitcoins.com/,contact@applebitcoins.com
A&B Phones & Laptops,null,null
Terabyte Electronics,null,null
Kilburn Computers,null,null
Mobile & Computer Land,null,null
Tech World,null,null
i repair macs,null,null
Host Communication,null,null
GSM Exchange,null,null
A1 Laptop Services,http://www.a1laptopservices.com,null
FSE Ltd,null,null
Cheetah Computers,null,null
Computer Repairs,null,null
STD,null,null
All About Laptops,null,null
Fast Computers,null,null
Computer Shop,http://www.pcshoplondon.co.uk,null
Simman Solicitors,null,null
The Laptops Clinic,null,null
Croydon Repair Centre,null,null
Games 4U,null,null
PC Vision,null,null
Fastlink Communication,null,null
Repair Center,null,null
Repair IT,null,null
iRepair,null,null
Newton's Apple Repair,https://newtonsapplerepair.com/,null
Blue Gnome Computers,https://www.bluegnomecomputers.com/,null
null,null,null
Mac1,https://www.mac1.net/,null
Mobile & Laptop Care Centre,null,null
Ria,null,null
Computer Resale,null,null
London Technical Services,http://www.londontechnicalservices.com/,null
Click@,null,null
MY Computer Solution,http://www.mycomputersolution.co.uk,null
Mac & Pc Services,null,null
A to Z Computers,https://www.atoz-computers.co.uk/,null
Vtech Walthamstow,null,null
Dubai World,null,null
Let Needs,null,null
MSK Computers & Mobile,null,null
Umar Computers,null,null
A R Mobile,null,null
MJ Tech,null,null
Kam Computers,null,null
PC & Phone Shop,null,null
CSD PC & Mac Computer Repairs,null,null
UK IT Parts,null,null
Amsys,https://www.amsys.co.uk/,null
PC Tech Centre,null,info@pctechcentre.co.uk
Core 1,https://www.core1.co.uk/,null
Linq Computer House,http://www.linqcomputers.com,null
Epsilon Gaming Computers,https://www.epsilonpc.co.uk/,null
House of Computers,null,null
IT Specialists,null,null
Z&Z Fixing,null,null
Smallworths,null,null
aa|mac,null,null
i Tech,null,null
Ace Computers,null,null
PC Mac Doctors,null,null
PC Mac Doctors,null,null
The PC Home,https://www.thepchome.co.uk//,null
Computer & Mobile World,null,null
null,null,null
J&J Computers,null,null
Classy Comps,null,null
PC Clinic,http://www.pccliniclondon.com,null
Computer Centre,https://stealthuk.com/,null
Minko's Mac,null,null
Megabyte Computers,null,null
Computer Surgery,null,null
Digimac Limited,null,null
Whitton Computers,null,null
Gasteiner Computers,null,null
Crest IT Services,https://www.crestitservices.co.uk/,null
Orpington IT Centre,https://orpingtonitcentre.co.uk,null
Secondbyte,null,null
PC Macgicians,null,null
